{
  "schools": [
    {
      "name": "Orange Coast College",
      "type": "Community College",
      "state": "CA",
      "city": "Costa Mesa",
      "website": "https://occ.cccd.edu",
      "international_email": "international@occ.cccd.edu",
      "international_phone": "+1-714-432-5940",
      "tuition": 11000,
      "description": "Culinary Arts, Baking & Pastry, Hotel & Tourism, Fashion Design"
    },
    {
      "name": "San Diego Miramar College",
      "type": "Community College",
      "state": "CA",
      "city": "San Diego",
      "website": "https://sdmiramar.edu",
      "international_email": "international@sdccd.edu",
      "international_phone": "+1-619-388-7373",
      "tuition": 10000,
      "description": "Advanced Manufacturing, Cybersecurity, Drone Technology, Automotive"
    },
    {
      "name": "Fullerton College",
      "type": "Community College",
      "state": "CA",
      "city": "Fullerton",
      "website": "https://fullcoll.edu",
      "international_email": "international@fullcoll.edu",
      "international_phone": "+1-714-992-7078",
      "tuition": 11000,
      "description": "Music Industry, Film & TV Production, Business, Health Science"
    },
    {
      "name": "Houston Community College",
      "type": "Community College",
      "state": "TX",
      "city": "Houston",
      "website": "https://hccs.edu",
      "international_email": "oiss.international@hccs.edu",
      "international_phone": null,
      "tuition": 10500,
      "description": "Nursing, Process Technology, Culinary Arts, Cybersecurity"
    },
    {
      "name": "Dallas College",
      "type": "Community College",
      "state": "TX",
      "city": "Dallas",
      "website": "https://dallascollege.edu",
      "international_email": "International@DallasCollege.edu",
      "international_phone": null,
      "tuition": 9500,
      "description": "Logistics & Supply Chain, IT / Cloud Computing, Automotive Technology, Business"
    },
    {
      "name": "Austin Community College",
      "type": "Community College",
      "state": "TX",
      "city": "Austin",
      "website": "https://austincc.edu",
      "international_email": "international@austincc.edu",
      "international_phone": "+1-512-223-7001",
      "tuition": 9500,
      "description": "Software Development, UX/UI Design, Biotechnology, Advanced Manufacturing"
    },
    {
      "name": "Lone Star College",
      "type": "Community College",
      "state": "TX",
      "city": "Houston",
      "website": "https://lonestar.edu",
      "international_email": "LSC-F1Admissions@lonestar.edu",
      "international_phone": null,
      "tuition": 10000,
      "description": "Nursing, Construction Management, Energy Technology, IT Support"
    },
    {
      "name": "Tarrant County College",
      "type": "Community College",
      "state": "TX",
      "city": "Fort Worth",
      "website": "https://tccd.edu",
      "international_email": "stacy.wagner@tccd.edu",
      "international_phone": null,
      "tuition": 9500,
      "description": "Aviation Maintenance, Logistics, Mechatronics, Healthcare"
    },
    {
      "name": "San Jacinto College",
      "type": "Community College",
      "state": "TX",
      "city": "Pasadena",
      "website": "https://sanjac.edu",
      "international_email": "international@sjcd.edu",
      "international_phone": "+1-281-998-6150",
      "tuition": 10000,
      "description": "Process Technology, Maritime Transportation, Welding, Instrumentation"
    },
    {
      "name": "El Paso Community College",
      "type": "Community College",
      "state": "TX",
      "city": "El Paso",
      "website": "https://epcc.edu",
      "international_email": "international@epcc.edu",
      "international_phone": "+1-915-831-2617",
      "tuition": 8500,
      "description": "Manufacturing, Automotive, Computer Science, Health Sciences"
    },
    {
      "name": "Palo Alto College",
      "type": "Community College",
      "state": "TX",
      "city": "San Antonio",
      "website": "https://alamo.edu/pac",
      "international_email": "international@alamo.edu",
      "international_phone": "+1-210-486-3000",
      "tuition": 9000,
      "description": "Cybersecurity, Business, Public Safety"
    },
    {
      "name": "San Antonio College",
      "type": "Community College",
      "state": "TX",
      "city": "San Antonio",
      "website": "https://alamo.edu/sac",
      "international_email": "international@alamo.edu",
      "international_phone": "+1-210-486-0000",
      "tuition": 9000,
      "description": "Automotive, Culinary Arts, HVAC, Health Professions"
    },
    {
      "name": "Collin College",
      "type": "Community College",
      "state": "TX",
      "city": "Plano",
      "website": "https://collin.edu",
      "international_email": "international@collin.edu",
      "international_phone": null,
      "tuition": 9500,
      "description": "Computer Networking, Finance, Engineering Technology"
    },
    {
      "name": "American River College",
      "type": "community_college",
      "state": "CA",
      "city": "Sacramento",
      "website": "https://arc.losrios.edu",
      "international_email": null,
      "international_phone": null,
      "tuition": null,
      "description": ""
    },
    {
      "name": "Cerritos College",
      "type": "community_college",
      "state": "CA",
      "city": "Norwalk",
      "website": "https://www.cerritos.edu",
      "international_email": "international@cerritos.edu",
      "international_phone": "+1-562-860-2451",
      "tuition": null,
      "description": ""
    },
    {
      "name": "College of San Mateo",
      "type": "community_college",
      "state": "CA",
      "city": "San Mateo",
      "website": "https://collegeofsanmateo.edu",
      "international_email": null,
      "international_phone": null,
      "tuition": null,
      "description": ""
    },
    {
      "name": "Saddleback College",
      "type": "community_college",
      "state": "CA",
      "city": "Mission Viejo",
      "website": "https://www.saddleback.edu",
      "international_email": null,
      "international_phone": null,
      "tuition": null,
      "description": ""
    },
    {
      "name": "Santa Ana College",
      "type": "community_college",
      "state": "CA",
      "city": "Santa Ana",
      "website": "https://www.sac.edu",
      "international_email": null,
      "international_phone": null,
      "tuition": null,
      "description": ""
    },
    {
      "name": "Santa Monica College",
      "type": "Community College",
      "state": "CA",
      "city": "Santa Monica",
      "website": "https://smc.edu",
      "international_email": "IntlEd@smc.edu",
      "international_phone": null,
      "tuition": 11000,
      "description": "Film & Media, Interaction Design, Business, Hospitality Management"
    },
    {
      "name": "Irvine Valley College",
      "type": "Community College",
      "state": "CA",
      "city": "Irvine",
      "website": "https://ivc.edu",
      "international_email": "iso@ivc.edu",
      "international_phone": null,
      "tuition": 10500,
      "description": "Nursing, Biotechnology, Paralegal Studies, Computer Networking"
    },
    {
      "name": "De Anza College",
      "type": "Community College",
      "state": "CA",
      "city": "Cupertino",
      "website": "https://deanza.edu",
      "international_email": "international@deanza.edu",
      "international_phone": "+1-408-864-8826",
      "tuition": 10500,
      "description": "Software Engineering, Data Science, Graphic Design, Business Information Systems"
    },
    {
      "name": "Mt. San Antonio College",
      "type": "Community College",
      "state": "CA",
      "city": "Walnut",
      "website": "https://mtsac.edu",
      "international_email": "international@mtsac.edu",
      "international_phone": "+1-909-274-5243",
      "tuition": 10500,
      "description": "Aviation Maintenance, Aircraft Pilot, Fire Technology, Supply Chain Management"
    },
    {
      "name": "Chaffey College",
      "type": "community_college",
      "state": "CA",
      "city": "Rancho Cucamonga",
      "website": "https://www.chaffey.edu",
      "international_email": "international@chaffey.edu",
      "international_phone": "+1-909-652-7478",
      "tuition": null,
      "description": ""
    },
    {
      "name": "Norco College",
      "type": "community_college",
      "state": "CA",
      "city": "Norco",
      "website": "https://www.norcocollege.edu",
      "international_email": null,
      "international_phone": null,
      "tuition": null,
      "description": ""
    },
    {
      "name": "Evergreen Valley College",
      "type": "community_college",
      "state": "CA",
      "city": "San Jose",
      "website": "https://www.evc.edu",
      "international_email": "international@evc.edu",
      "international_phone": "+1-408-274-7900",
      "tuition": null,
      "description": ""
    },
    {
      "name": "West Hills College-Lemoore",
      "type": "community_college",
      "state": "CA",
      "city": "Lemoore",
      "website": "https://www.westhillscollege.com",
      "international_email": null,
      "international_phone": null,
      "tuition": null,
      "description": ""
    },
    {
      "name": "San Jose City College",
      "type": "community_college",
      "state": "CA",
      "city": "San Jose",
      "website": "https://www.sjcc.edu",
      "international_email": "international@sjcc.edu",
      "international_phone": "+1-408-298-2181",
      "tuition": null,
      "description": ""
    },
    {
      "name": "Mission College",
      "type": "community_college",
      "state": "CA",
      "city": "Santa Clara",
      "website": "https://www.missioncollege.edu",
      "international_email": "international@missioncollege.edu",
      "international_phone": "+1-408-855-5246",
      "tuition": null,
      "description": ""
    },
    {
      "name": "Contra Costa College",
      "type": "community_college",
      "state": "CA",
      "city": "San Pablo",
      "website": "https://www.contracosta.edu",
      "international_email": "international@contracosta.edu",
      "international_phone": "+1-510-235-7800",
      "tuition": null,
      "description": ""
    },
    {
      "name": "Fresno City College",
      "type": "community_college",
      "state": "CA",
      "city": "Fresno",
      "website": "https://www.fresnocitycollege.edu",
      "international_email": "international@fresnocitycollege.edu",
      "international_phone": "+1-559-442-4600",
      "tuition": null,
      "description": ""
    },
    {
      "name": "Allan Hancock College",
      "type": "community_college",
      "state": "CA",
      "city": "Santa Maria",
      "website": "https://www.hancockcollege.edu",
      "international_email": null,
      "international_phone": null,
      "tuition": null,
      "description": ""
    },
    {
      "name": "Antelope Valley College",
      "type": "community_college",
      "state": "CA",
      "city": "Lancaster",
      "website": "https://www.avc.edu",
      "international_email": null,
      "international_phone": null,
      "tuition": null,
      "description": ""
    },
    {
      "name": "Cuyamaca College",
      "type": "community_college",
      "state": "CA",
      "city": "El Cajon",
      "website": "https://www.cuyamaca.edu",
      "international_email": null,
      "international_phone": null,
      "tuition": null,
      "description": ""
    },
    {
      "name": "San Bernardino Valley College",
      "type": "community_college",
      "state": "CA",
      "city": "San Bernardino",
      "website": "https://www.valleycollege.edu",
      "international_email": "international@valleycollege.edu",
      "international_phone": "+1-909-384-4400",
      "tuition": null,
      "description": ""
    },
    {
      "name": "Cypress College",
      "type": "community_college",
      "state": "CA",
      "city": "Cypress",
      "website": "https://www.cypresscollege.edu",
      "international_email": "international@cypresscollege.edu",
      "international_phone": "+1-714-484-7000",
      "tuition": null,
      "description": ""
    },
    {
      "name": "Palomar College",
      "type": "community_college",
      "state": "CA",
      "city": "San Marcos",
      "website": "https://www.palomar.edu",
      "international_email": "international@palomar.edu",
      "international_phone": "+1-760-744-1150",
      "tuition": null,
      "description": ""
    },
    {
      "name": "Ventura College",
      "type": "community_college",
      "state": "CA",
      "city": "Ventura",
      "website": "https://www.venturacollege.edu",
      "international_email": "international@venturacollege.edu",
      "international_phone": "+1-805-289-6000",
      "tuition": null,
      "description": ""
    },
    {
      "name": "Glendale Community College",
      "type": "community_college",
      "state": "CA",
      "city": "Glendale",
      "website": "https://www.glendale.edu",
      "international_email": "iso@glendale.edu",
      "international_phone": "+1-818-240-1000",
      "tuition": null,
      "description": ""
    },
    {
      "name": "MiraCosta College",
      "type": "community_college",
      "state": "CA",
      "city": "Oceanside",
      "website": "https://www.miracosta.edu",
      "international_email": "international@miracosta.edu",
      "international_phone": "+1-760-757-2121",
      "tuition": null,
      "description": ""
    },
    {
      "name": "Long Beach City College",
      "type": "community_college",
      "state": "CA",
      "city": "Long Beach",
      "website": "https://www.lbcc.edu",
      "international_email": "iso@lbcc.edu",
      "international_phone": "+1-562-938-4742",
      "tuition": null,
      "description": ""
    },
    {
      "name": "Golden West College",
      "type": "community_college",
      "state": "CA",
      "city": "Huntington Beach",
      "website": "https://www.goldenwestcollege.edu",
      "international_email": "international@gwc.cccd.edu",
      "international_phone": "+1-714-895-8156",
      "tuition": null,
      "description": ""
    },
    {
      "name": "Foothill College",
      "type": "community_college",
      "state": "CA",
      "city": "Los Altos Hills",
      "website": "https://www.foothill.edu",
      "international_email": "international@foothill.edu",
      "international_phone": "+1-650-949-7241",
      "tuition": null,
      "description": ""
    },
    {
      "name": "Ohlone College",
      "type": "community_college",
      "state": "CA",
      "city": "Fremont",
      "website": "https://www.ohlone.edu",
      "international_email": "international@ohlone.edu",
      "international_phone": "+1-510-659-6000",
      "tuition": null,
      "description": ""
    },
    {
      "name": "Diablo Valley College",
      "type": "community_college",
      "state": "CA",
      "city": "Pleasant Hill",
      "website": "https://www.dvc.edu",
      "international_email": "iso@dvc.edu",
      "international_phone": "+1-925-685-1230",
      "tuition": null,
      "description": ""
    },
    {
      "name": "Victor Valley College",
      "type": "community_college",
      "state": "CA",
      "city": "Victorville",
      "website": "https://www.vvc.edu",
      "international_email": "international@vvc.edu",
      "international_phone": "+1-760-245-4271",
      "tuition": null,
      "description": ""
    },
    {
      "name": "Monterey Peninsula College",
      "type": "community_college",
      "state": "CA",
      "city": "Monterey",
      "website": "https://www.mpc.edu",
      "international_email": "international@mpc.edu",
      "international_phone": "+1-831-646-4000",
      "tuition": null,
      "description": ""
    },
    {
      "name": "Berkeley City College",
      "type": "community_college",
      "state": "CA",
      "city": "Berkeley",
      "website": "https://www.berkeleycitycollege.edu",
      "international_email": null,
      "international_phone": null,
      "tuition": null,
      "description": ""
    },
    {
      "name": "Butte College",
      "type": "community_college",
      "state": "CA",
      "city": "Oroville",
      "website": "https://www.butte.edu",
      "international_email": null,
      "international_phone": null,
      "tuition": null,
      "description": ""
    },
    {
      "name": "Cabrillo College",
      "type": "community_college",
      "state": "CA",
      "city": "Aptos",
      "website": "https://www.cabrillo.edu",
      "international_email": null,
      "international_phone": null,
      "tuition": null,
      "description": ""
    },
    {
      "name": "Barstow Community College",
      "type": "community_college",
      "state": "CA",
      "city": "Barstow",
      "website": "https://www.barstow.edu",
      "international_email": null,
      "international_phone": null,
      "tuition": null,
      "description": ""
    },
    {
      "name": "Lake Tahoe Community College",
      "type": "community_college",
      "state": "CA",
      "city": "South Lake Tahoe",
      "website": "https://www.ltcc.edu",
      "international_email": null,
      "international_phone": null,
      "tuition": null,
      "description": ""
    },
    {
      "name": "Los Angeles City College",
      "type": "community_college",
      "state": "CA",
      "city": "Los Angeles",
      "website": "https://www.lacitycollege.edu",
      "international_email": null,
      "international_phone": null,
      "tuition": null,
      "description": ""
    },
    {
      "name": "Los Angeles Harbor College",
      "type": "community_college",
      "state": "CA",
      "city": "Wilmington",
      "website": "https://www.lahc.edu",
      "international_email": null,
      "international_phone": null,
      "tuition": null,
      "description": ""
    },
    {
      "name": "Mt. San Jacinto College",
      "type": "community_college",
      "state": "CA",
      "city": "Menifee",
      "website": "https://www.msjc.edu",
      "international_email": null,
      "international_phone": null,
      "tuition": null,
      "description": ""
    },
    {
      "name": "City College of San Francisco",
      "type": "community_college",
      "state": "CA",
      "city": "San Francisco",
      "website": "https://www.ccsf.edu",
      "international_email": null,
      "international_phone": null,
      "tuition": null,
      "description": ""
    },
    {
      "name": "Blinn College",
      "type": "community_college",
      "state": "TX",
      "city": "Bryan",
      "website": "https://www.blinn.edu",
      "international_email": "international@blinn.edu",
      "international_phone": "+1-979-830-4150",
      "tuition": null,
      "description": ""
    },
    {
      "name": "Del Mar College",
      "type": "community_college",
      "state": "TX",
      "city": "Corpus Christi",
      "website": "https://www.delmar.edu",
      "international_email": "international@delmar.edu",
      "international_phone": "+1-361-698-1200",
      "tuition": null,
      "description": ""
    },
    {
      "name": "South Texas College",
      "type": "community_college",
      "state": "TX",
      "city": "McAllen",
      "website": "https://www.southtexascollege.edu",
      "international_email": "international@southtexascollege.edu",
      "international_phone": "+1-956-872-2110",
      "tuition": null,
      "description": ""
    },
    {
      "name": "Amarillo College",
      "type": "community_college",
      "state": "TX",
      "city": "Amarillo",
      "website": "https://www.actx.edu",
      "international_email": "international@actx.edu",
      "international_phone": "+1-806-371-5000",
      "tuition": null,
      "description": ""
    },
    {
      "name": "Lee College",
      "type": "community_college",
      "state": "TX",
      "city": "Baytown",
      "website": "https://www.lee.edu",
      "international_email": "international@lee.edu",
      "international_phone": "+1-281-425-6311",
      "tuition": null,
      "description": ""
    },
    {
      "name": "Galveston College",
      "type": "community_college",
      "state": "TX",
      "city": "Galveston",
      "website": "https://www.gc.edu",
      "international_email": "international@gc.edu",
      "international_phone": "+1-409-944-1215",
      "tuition": null,
      "description": ""
    },
    {
      "name": "Weatherford College",
      "type": "community_college",
      "state": "TX",
      "city": "Weatherford",
      "website": "https://www.wc.edu",
      "international_email": "international@wc.edu",
      "international_phone": "+1-817-598-6200",
      "tuition": null,
      "description": ""
    },
    {
      "name": "Paris Junior College",
      "type": "community_college",
      "state": "TX",
      "city": "Paris",
      "website": "https://www.parisjc.edu",
      "international_email": "international@parisjc.edu",
      "international_phone": "+1-903-785-7661",
      "tuition": null,
      "description": ""
    },
    {
      "name": "Texarkana College",
      "type": "community_college",
      "state": "TX",
      "city": "Texarkana",
      "website": "https://www.texarkanacollege.edu",
      "international_email": null,
      "international_phone": null,
      "tuition": null,
      "description": ""
    },
    {
      "name": "Western Texas College",
      "type": "community_college",
      "state": "TX",
      "city": "Snyder",
      "website": "https://www.wtc.edu",
      "international_email": null,
      "international_phone": null,
      "tuition": null,
      "description": ""
    },
    {
      "name": "North Central Texas College",
      "type": "community_college",
      "state": "TX",
      "city": "Gainesville",
      "website": "https://www.nctc.edu",
      "international_email": null,
      "international_phone": null,
      "tuition": null,
      "description": ""
    },
    {
      "name": "Trinity Valley Community College",
      "type": "community_college",
      "state": "TX",
      "city": "Athens",
      "website": "https://www.tvcc.edu",
      "international_email": null,
      "international_phone": null,
      "tuition": null,
      "description": ""
    },
    {
      "name": "Tyler Junior College",
      "type": "community_college",
      "state": "TX",
      "city": "Tyler",
      "website": "https://www.tjc.edu",
      "international_email": "international@tjc.edu",
      "international_phone": "+1-903-510-3301",
      "tuition": null,
      "description": ""
    },
    {
      "name": "Texas Southmost College",
      "type": "community_college",
      "state": "TX",
      "city": "Brownsville",
      "website": "https://www.tsc.edu",
      "international_email": null,
      "international_phone": null,
      "tuition": null,
      "description": ""
    },
    {
      "name": "Cedar Valley College",
      "type": "community_college",
      "state": "TX",
      "city": "Lancaster",
      "website": "https://www.cedarvalleycollege.edu",
      "international_email": null,
      "international_phone": null,
      "tuition": null,
      "description": ""
    },
    {
      "name": "McLennan Community College",
      "type": "community_college",
      "state": "TX",
      "city": "Waco",
      "website": "https://www.mclennan.edu",
      "international_email": "international@mclennan.edu",
      "international_phone": "+1-254-299-8452",
      "tuition": null,
      "description": ""
    },
    {
      "name": "Lamar State College",
      "type": "community_college",
      "state": "TX",
      "city": "Beaumont",
      "website": "https://www.lamarpa.edu",
      "international_email": null,
      "international_phone": null,
      "tuition": null,
      "description": ""
    },
    {
      "name": "Howard College",
      "type": "community_college",
      "state": "TX",
      "city": "Big Spring",
      "website": "https://www.howardcollege.edu",
      "international_email": null,
      "international_phone": null,
      "tuition": null,
      "description": ""
    },
    {
      "name": "Victoria College",
      "type": "community_college",
      "state": "TX",
      "city": "Victoria",
      "website": "https://www.victoriacollege.edu",
      "international_email": null,
      "international_phone": null,
      "tuition": null,
      "description": ""
    },
    {
      "name": "Kilgore College",
      "type": "community_college",
      "state": "TX",
      "city": "Kilgore",
      "website": "https://www.kilgore.edu",
      "international_email": null,
      "international_phone": null,
      "tuition": null,
      "description": ""
    },
    {
      "name": "Central Texas College",
      "type": "community_college",
      "state": "TX",
      "city": "Killeen",
      "website": "https://www.ctcd.edu",
      "international_email": null,
      "international_phone": null,
      "tuition": null,
      "description": ""
    },
    {
      "name": "Alvin Community College",
      "type": "community_college",
      "state": "TX",
      "city": "Alvin",
      "website": "https://www.alvincollege.edu",
      "international_email": null,
      "international_phone": null,
      "tuition": null,
      "description": ""
    },
    {
      "name": "Hill College",
      "type": "community_college",
      "state": "TX",
      "city": "Hillsboro",
      "website": "https://www.hillcollege.edu",
      "international_email": null,
      "international_phone": null,
      "tuition": null,
      "description": ""
    },
    {
      "name": "Coastal Bend College",
      "type": "community_college",
      "state": "TX",
      "city": "Beeville",
      "website": "https://www.coastalbend.edu",
      "international_email": null,
      "international_phone": null,
      "tuition": null,
      "description": ""
    },
    {
      "name": "Bakersfield College",
      "type": "Community College",
      "state": "CA",
      "city": "Bakersfield",
      "website": "https://bakersfieldcollege.edu",
      "international_email": "international@bakersfieldcollege.edu",
      "international_phone": "()",
      "tuition": 9500,
      "description": "Industrial Automation, Oil & Energy Technology, Welding, Nursing"
    },
    {
      "name": "Los Angeles Trade-Technical College",
      "type": "Community College",
      "state": "CA",
      "city": "Los Angeles",
      "website": "https://lattc.edu",
      "international_email": "iso@lattc.edu",
      "international_phone": "+1-213-763-7170",
      "tuition": 11000,
      "description": "직업 중심 Associate Degree 제공. Automotive, Welding, Construction, Culinary Arts, Electrical Systems 전공 강점"
    },
    {
      "name": "Pasadena City College",
      "type": "Community College",
      "state": "CA",
      "city": "Pasadena",
      "website": "https://pasadena.edu",
      "international_email": "iso@pasadena.edu",
      "international_phone": "()",
      "tuition": 11000,
      "description": "Nursing, Health Sciences, Business Administration, Engineering Technology, Computer Science 전공"
    }
  ]
}
